ContractID,LocationID,LocationName,LocationGroup,IsPrimary,IsTenant,ISOBIN,InceptionDate,ExpirationDate,Street,City,County,SubArea2,State,CRESTA,PostalCode,COUNTRYISO,Latitude,Longitude,BuildingValue,OtherValue,ContentsValue,TimeElementValue,DaysCovered,Currency,RiskCount,LocPremium,ConstructionCodeType,ConstructionCode,ConstructionOther,OccupancyCodeType,OccupancyCode,YearBuilt,NumberOfStories,GrossArea,GrossAreaUnit,LocPerils1,LocLimitType1,LimitBldg1,LimitOther1,LimitContent1,LimitTime1,DeductType1,DeductBldg1,DeductOther1,DeductContent1,DeductTime1,SublimitArea1,LocPerils2,LocLimitType2,LimitBldg2,LimitOther2,LimitContent2,LimitTime2,DeductType2,DeductBldg2,DeductOther2,DeductContent2,DeductTime2,SublimitArea2,LocPerils3,LocLimitType3,LimitBldg3,LimitOther3,LimitContent3,LimitTime3,DeductType3,DeductBldg3,DeductOther3,DeductContent3,DeductTime3,SublimitArea3,LocPerils4,LocLimitType4,LimitBldg4,LimitOther4,LimitContent4,LimitTime4,DeductType4,DeductBldg4,DeductOther4,DeductContent4,DeductTime4,SublimitArea4,LocPerils5,LocLimitType5,LimitBldg5,LimitOther5,LimitContent5,LimitTime5,DeductType5,DeductBldg5,DeductOther5,DeductContent5,DeductTime5,SublimitArea5,FloorOfInterest,FloorArea,FloorAreaUnitCode,FloorsOccupied,BuildingCondition,BuildingShape,Torsion,SoftStory,ShapeIrregularity,SpecialConstruction,Retrofit,ShortColumn,Ornamentation,WaterHeater,Redundancy,TallOneStory,Equipment,SealofApproval,IsValueType,LatticeType,MultiStoryHallType,Welding,BasementLevelCount,BasementFinishType,FirstFloorHeight,ServiceEquipmentProtection,FIRMCompliance,ContentVulnerability,Certified Structures (IBHS),Fire Sprinklers,RoofGeometry,RoofPitch,RoofCover,RoofDeck,RoofCoverAttachment,RoofDeckAttachment,RoofAnchorage,RoofYearBuilt,Tanks,RoofHailImpactResistance,Chimney,WallType,WallSiding,GlassType,GlassPercent,WindowProtection,ExternalDoors,BuildingExteriorOpenings,BrickVeneer,RoofAttachedStructure,TransitionInSRC,ColdFormedtube,ColumnBasement,FoundationConnection,FoundationType,InternalPartition,AttachedStructures,AppurtenantStructures,Pounding,TreeExposure,SmallDebris,LargeMissile,TerrainRoughness,AdjacentBuildingHeight,CustomFloodSOP,CustomFloodZone,CustomElevation,BaseFloodElevation,ProjectCompletion,ProjectPhaseCode,UDF1,UDF2,UDF3,UDF4,UDF5,MSB_Occupancy_Mapping,MSB_Construction_mapping,MSB_Building_Value,MSB_Value_Per_Sq_Ft,MSB $ Deviation,MSB % Deviation,Location_sent,Parameter_for_No,Location_ID,Report_ID,Elevation,FloodScopeDepth,FloodScopeRtp,HeightAboveInlandWater,HeightAboveOcean,HeightOfMinSurge,InlandWaterDistance,IsInCoverage,MinStormCat,OceanDistance,RiskScore,StormFrequency,SurgeCat0Height,SurgeCat1Height,SurgeCat2Height,SurgeCat3Height,SurgeCat4Height,SurgeCat5Height,SurgeFloodDepth,WorldFloodDepth,WorldFloodRtp,heightAboveFloodScope100,floodScope100Distance,Indicator,Error
2025_Fundamental Advisors,1,Alliant Savannah Sound,,,,,10/30/2025,10/30/2026,1950 POINT,TALLAHASSEE,Leon,,FL,,32308,US,30.4885,-84.24435,17828083.2,,25000,1627968,365,USD,12,,AIR,101,,AIR,306,1995,3,148800,SQFT,PEF+PES+PSL,,,,,,,,,,,EQ_ALL OTHER,PSH+PWH,,,,,,S,0.05,,0.05,0.05,WS_TIER1,PFL,,,,,,,,,,,Flood_All,PNC,,,,,,,,,,,FR_All,,,,,,,,,,,,,,,,,,,,,,,,,,,,,,,,,,,,,,,,,,0,,,,,,,,2017,,,,,,,,,,,,,,,,,,,,,,,,,,,,,,,,,All Other,Tier 1,,User Check required,,1100,1,17060671.24,114.6550487,-767411.955,-4.304511856,Yes,,33335892,ESTIMATE-1470537,,,,,,,,,,,,,,,,,,,,,,,,Ecopia,
2025_Fundamental Advisors,2,Arbor Heights at Post Oak,,,,,10/30/2025,10/30/2026,12500 DUNLAP,HOUSTON,Harris,,TX,,77035,US,29.64011,-95.49435,110976236.8,,50000,8733500,365,USD,104,,AIR,101,,AIR,306,1972,2,854169,SQFT,PEF+PES+PSL,,,,,,,,,,,EQ_ALL OTHER,PSH+PWH,,,,,,S,0.05,,0.05,0.05,WS_TIER1,PFL,,,,,,,,,,,Flood_All,PNC,,,,,,,,,,,FR_All,,,,,,,,,,,,,,,,,,,,,,,,,,,,,,,,,,,,,,,,,,0,,,,,,,,2020,,,,,,,,,,,,,,,,,,,,,,,,,,,,,,,,,All Other,Tier 1,,User Check required,,1100,1,100754044,117.9556317,-10222192.84,-9.211154686,Yes,,33335893,ESTIMATE-1470537,,,,,,,,,,,,,,,,,,,,,,,,Ecopia,
2025_Fundamental Advisors,3,The Redford Houston Portfolio,,,,,10/30/2025,10/30/2026,1221 REDFORD,HOUSTON,Harris,,TX,,77034,US,29.64462,-95.24275,88789776,,50000,8488096,365,USD,68,,AIR,101,,AIR,306,1981,2,695344,SQFT,PEF+PES+PSL,,,,,,,,,,,EQ_ALL OTHER,PSH+PWH,,,,,,S,0.05,,0.05,0.05,WS_TIER1,PFL,,,,,,,,,,,Flood_All,PNC,,,,,,,,,,,FR_All,,,,,,,,,,,,,,,,,,,,,,,,,,,,,,,,,,,,,,,,,,0,,,,,,,,2016,,,,,,,,,,,,,,,,,,,,,,,,,,,,,,,,,All Other,Tier 1,,User Check required,,1100,1,82188168.6,118.197854,-6601607.398,-7.435098607,Yes,,33335894,ESTIMATE-1470537,,,,,,,,,,,,,,,,,,,,,,,,Ecopia,
2025_Fundamental Advisors,4,Arbor Reserve at Westwood,,,,,10/30/2025,10/30/2026,10225 BISSONNET,HOUSTON,Harris,,TX,,77036,US,29.67312,-95.5579,78490843.2,,50000,8346759,365,USD,58,,AIR,101,,AIR,306,1979,2,614556,SQFT,PEF+PES+PSL,,,,,,,,,,,EQ_ALL OTHER,PSH+PWH,,,,,,S,0.05,,0.05,0.05,WS_TIER1,PFL,,,,,,,,,,,Flood_All,PNC,,,,,,,,,,,FR_All,,,,,,,,,,,,,,,,,,,,,,,,,,,,,,,,,,,,,,,,,,0,,,,,,,,2020,,,,,,,,,,,,,,,,,,,,,,,,,,,,,,,,,All Other,Tier 1,,User Check required,,1100,1,72732428.25,118.3495536,-5758414.952,-7.33641622,Yes,,33335895,ESTIMATE-1470537,,,,,,,,,,,,,,,,,,,,,,,,Ecopia,
2025_Fundamental Advisors,5,Timber Ridge Houston Portfolio,,,,,10/30/2025,10/30/2026,12200 FLEMING,HOUSTON,Harris,,TX,,77013,US,29.7742,-95.22215,69949689.6,,50000,10506955,365,USD,62,,AIR,101,,AIR,306,1979,2,540338,SQFT,PEF+PES+PSL,,,,,,,,,,,EQ_ALL OTHER,PSH+PWH,,,,,,S,0.05,,0.05,0.05,WS_TIER1,PFL,,,,,,,,,,,Flood_All,PNC,,,,,,,,,,,FR_All,,,,,,,,,,,,,,,,,,,,,,,,,,,,,,,,,,,,,,,,,,0,,,,,,,,2017,,,,,,,,,,,,,,,,,,,,,,,,,,,,,,,,,All Other,Tier 1,,User Check required,,1100,1,64045136.53,118.527915,-5904553.07,-8.441142633,Yes,,33335896,ESTIMATE-1470537,,,,,,,,,,,,,,,,,,,,,,,,Ecopia,
2025_Fundamental Advisors,6,CAF Arden Cypress Station,,,,,10/30/2025,10/30/2026,905 CYPRESS STATION,HOUSTON,Harris,,TX,,77090,US,30.0269,-95.43926,45211507.2,,100000,8457134,365,USD,36,,AIR,101,,AIR,306,1978,2,356944,SQFT,PEF+PES+PSL,,,,,,,,,,,EQ_ALL OTHER,PSH+PWH,,,,,,S,0.05,,0.05,0.05,WS_TIER1,PFL,,,,,,,,,,,Flood_All,PNC,,,,,,,,,,,FR_All,,,,,,,,,,,,,,,,,,,,,,,,,,,,,,,,,,,,,,,,,,0,,,,,,,,2022,,,,,,,,,,,,,,,,,,,,,,,,,,,,,,,,,All Other,Tier 1,,User Check required,,1100,1,42263592.13,118.4039853,-2947915.068,-6.520276033,Yes,,33335897,ESTIMATE-1470537,,,,,,,,,,,,,,,,,,,,,,,,Ecopia,
2025_Fundamental Advisors,7,CAF Grand Hampton,,,,,10/30/2025,10/30/2026,16202 EL,HOUSTON,Harris,,TX,,77062,US,29.55994,-95.12641,46895884,,100000,4370602,365,USD,31,,AIR,101,,AIR,306,1978,2,328774,SQFT,PEF+PES+PSL,,,,,,,,,,,EQ_ALL OTHER,PSH+PWH,,,,,,S,0.05,,0.05,0.05,WS_TIER1,PFL,,,,,,,,,,,Flood_All,PNC,,,,,,,,,,,FR_All,,,,,,,,,,,,,,,,,,,,,,,,,,,,,,,,,,,,,,,,,,0,,,6,,,,,2011,,,,,,,,,,,,,,,,,,,,,,,,,,,,,,,,,All Other,Tier 1,,User Check required,,1100,1,41971746.34,127.6613915,-4924137.656,-10.50014892,Yes,,33335898,ESTIMATE-1470537,,,,,,,,,,,,,,,,,,,,,,,,Ecopia,
2025_Fundamental Advisors,8,CAF Huxley,,,,,10/30/2025,10/30/2026,8410 BARTELL,HOUSTON,Harris,,TX,,77054,US,29.68069,-95.42239,27142908,,100000,3667902,365,USD,15,,AIR,101,,AIR,306,1983,3,217172,SQFT,PEF+PES+PSL,,,,,,,,,,,EQ_ALL OTHER,PSH+PWH,,,,,,S,0.05,,0.05,0.05,WS_TIER1,PFL,,,,,,,,,,,Flood_All,PNC,,,,,,,,,,,FR_All,,,,,,,,,,,,,,,,,,,,,,,,,,,,,,,,,,,,,,,,,,0,,,1,,,,,2006,,,,,1,,,,,,,,,,,,,,,,,,,,,,,,,,,,All Other,Tier 1,,User Check required,,1100,1,25840594.92,118.9867705,-1302313.082,-4.797986576,Yes,,33335899,ESTIMATE-1470537,,,,,,,,,,,,,,,,,,,,,,,,Ecopia,
2025_Fundamental Advisors,9,City Heights City Parc,,,,,10/30/2025,10/30/2026,2314 KALISTE SALOOM,LAFAYETTE,Lafayette,,LA,,70508,US,30.16163,-92.04614,35933780,,50000,3074227,365,USD,25,,AIR,101,,AIR,306,1986,2,247112,SQFT,PEF+PES+PSL,,,,,,,,,,,EQ_ALL OTHER,PSH+PWH,,,,,,,,,,,WS_ALL OTHER,PFL,,,,,,,,,,,Flood_All,PNC,,,,,,,,,,,FR_All,,,,,,,,,,,,,,,,,,,,,,,,,,,,,,,,,,,,,,,,,,0,,,,,,,,,,,,,,,,,,,,,,,,,,,,,,,,,,,,,,,,,All Other,Tier 2,,User Check required,,1100,1,28813362.65,116.6004186,-7120417.355,-19.8153864,Yes,,33335900,ESTIMATE-1470537,,,,,,,,,,,,,,,,,,,,,,,,Ecopia,
2025_Fundamental Advisors,10,Marabella,,,,,10/30/2025,10/30/2026,6003 OLD BULLARD,TYLER,Smith,,TX,,75703,US,32.28407,-95.30792,32524834,,253600,3052846,365,USD,22,,AIR,101,,AIR,306,1977,2,266597,SQFT,PEF+PES+PSL,,,,,,,,,,,EQ_ALL OTHER,PSH+PWH,,,,,,,,,,,WS_ALL OTHER,PFL,,,,,,,,,,,Flood_All,PNC,,,,,,,,,,,FR_All,,,,,,,,,,,,,,,,,,,,,,,,,,,,,,,,,,,,,,,,,,0,,,,,,,,2010,,,,,,,,,,,,,,,,,,,,,,,,,,,,,,,,,All Other,All Other,,User Check required,,1100,1,30299409.37,113.6524768,-2225424.632,-6.842232098,Yes,,33335901,ESTIMATE-1470537,,,,,,,,,,,,,,,,,,,,,,,,Ecopia,
2025_Fundamental Advisors,11,Gilmer at 701,,,,,10/30/2025,10/30/2026,701 GILMER,LONGVIEW,Gregg,,TX,,75604,US,32.51306,-94.76969,27939542.4,,50000,2696000,365,USD,33,,AIR,101,,AIR,306,1975,2,215372,SQFT,PEF+PES+PSL,,,,,,,,,,,EQ_ALL OTHER,PSH+PWH,,,,,,,,,,,WS_ALL OTHER,PFL,,,,,,,,,,,Flood_All,PNC,,,,,,,,,,,FR_All,,,,,,,,,,,,,,,,,,,,,,,,,,,,,,,,,,,,,,,,,,1,,,,,,,,2019,,,,,,,,,,,,,,,,,,,,,,,,,,,,,,,,,All Other,All Other,,User Check required,,1100,1,24566900.69,114.0672914,-3372641.715,-12.07121314,Yes,,33335902,ESTIMATE-1470537,,,,,,,,,,,,,,,,,,,,,,,,Ecopia,
2025_Fundamental Advisors,12,City Pines,,,,,10/30/2025,10/30/2026,2019 TOLER,LONGVIEW,Gregg,,TX,,75605,US,32.52906,-94.78272,27358281.6,,50000,2724822,365,USD,26,,AIR,101,,AIR,306,1983,2,224708,SQFT,PEF+PES+PSL,,,,,,,,,,,EQ_ALL OTHER,PSH+PWH,,,,,,,,,,,WS_ALL OTHER,PFL,,,,,,,,,,,Flood_All,PNC,,,,,,,,,,,FR_All,,,,,,,,,,,,,,,,,,,,,,,,,,,,,,,,,,,,,,,,,,0,,,,,,,,2019,,,,,,,,,,,,,,,,,,,,,,,,,,,,,,,,,All Other,All Other,,User Check required,,1100,1,25609043.08,113.9658716,-1749238.518,-6.393817213,Yes,,33335903,ESTIMATE-1470537,,,,,,,,,,,,,,,,,,,,,,,,Ecopia,
2025_Fundamental Advisors,13,Summer Lake City North,,,,,10/30/2025,10/30/2026,3100 MCCANN,LONGVIEW,Gregg,,TX,,75605,US,32.5355,-94.75227,22865964,,50000,2266000,365,USD,33,,AIR,101,,AIR,306,1983,2,180060,SQFT,PEF+PES+PSL,,,,,,,,,,,EQ_ALL OTHER,PSH+PWH,,,,,,,,,,,WS_ALL OTHER,PFL,,,,,,,,,,,Flood_All,PNC,,,,,,,,,,,FR_All,,,,,,,,,,,,,,,,,,,,,,,,,,,,,,,,,,,,,,,,,,0,,,,,,,,2017,,,,,,,,,,,,,,,,,,,,,,,,,,,,,,,,,All Other,All Other,,User Check required,,1100,1,20604861.6,114.4333089,-2261102.404,-9.888506795,Yes,,33335904,ESTIMATE-1470537,,,,,,,,,,,,,,,,,,,,,,,,Ecopia,
2025_Fundamental Advisors,14,Ryans Crossing,,,,,10/30/2025,10/30/2026,535 MESA HILLS,EL PASO,El Paso,,TX,,79912,US,31.81901,-106.53236,21206894,,80000,3298345,365,USD,16,,AIR,101,,AIR,306,1986,2,173827,SQFT,PEF+PES+PSL,,,,,,,,,,,EQ_ALL OTHER,PSH+PWH,,,,,,,,,,,WS_ALL OTHER,PFL,,,,,,,,,,,Flood_All,PNC,,,,,,,,,,,FR_All,,,,,,,,,,,,,,,,,,,,,,,,,,,,,,,,,,,,,,,,,,0,,,,,,,,2016,,,,,,,,,,,,,,,,,,,,,,,,,,,,,,,,,All Other,All Other,,User Check required,,1100,1,18981412.64,109.197148,-2225481.359,-10.49414101,Yes,,33335905,ESTIMATE-1470537,,,,,,,,,,,,,,,,,,,,,,,,Ecopia,
2025_Fundamental Advisors,15,Welker Marbella,,,,,10/30/2025,10/30/2026,3803 CARAVELLE,CORPUS CHRISTI,Nueces,,TX,,78415,US,27.70904,-97.40972,68458027.2,,0,7100094.18,365,USD,80,,AIR,101,,AIR,306,1973,2,532394,SQFT,PEF+PES+PSL,,,,,,,,,,,EQ_ALL OTHER,PSH+PWH,,,,,,S,0.05,,0.05,0.05,WS_TIER1,PFL,,,,,,,,,,,Flood_All,PNC,,,,,,,,,,,FR_All,,,,,,,,,,,,,,,,,,,,,,,,,,,,,,,,,,,,,,,,,,0,,,7,,,,,2010,,,,,,,,,,,,,,,,,,,,,,,,,,,,,,,,,All Other,Tier 1,,User Check required,,1100,1,63512737.28,119.2964933,-4945289.924,-7.223827688,Yes,,33335906,ESTIMATE-1470537,,,,,,,,,,,,,,,,,,,,,,,,Ecopia,
2025_Fundamental Advisors,16,The Everly Dallas Portfolio,,,,,10/30/2025,10/30/2026,9350 SKILLMAN,DALLAS,Dallas,,TX,,75243,US,32.90374,-96.71133,71568981.6,,50000,7974817,365,USD,37,,AIR,101,,AIR,306,1986,3,578017,SQFT,PEF+PES+PSL,,,,,,,,,,,EQ_ALL OTHER,PSH+PWH,,,,,,,,,,,WS_ALL OTHER,PFL,,,,,,,,,,,Flood_All,PNC,,,,,,,,,,,FR_All,,,,,,,,,,,,,,,,,,,,,,,,,,,,,,,,,,,,,,,,,,0,,,,,,,,2013,,,,,,,,,,,,,,,,,,,,,,,,,,,,,,,,,All Other,All Other,,User Check required,,1100,1,68545620.41,118.5875509,-3023361.19,-4.224401581,Yes,,33335907,ESTIMATE-1470537,,,,,,,,,,,,,,,,,,,,,,,,Ecopia,
2025_Fundamental Advisors,17,Urban Palms,,,,,10/30/2025,10/30/2026,8701 TOWN PARK,HOUSTON,Harris,,TX,,77036,US,29.71272,-95.54085,62860356,,0,9752135,365,USD,51,,AIR,101,,AIR,306,1979,2,489565,SQFT,PEF+PES+PSL,,,,,,,,,,,EQ_ALL OTHER,PSH+PWH,,,,,,S,0.05,,0.05,0.05,WS_TIER1,PFL,,,,,,,,,,,Flood_All,PNC,,,,,,,,,,,FR_All,,,,,,,,,,,,,,,,,,,,,,,,,,,,,,,,,,,,,,,,,,0,,,,,,,,2016,,,,,,,,,,,,,,,,,,,,,,,,,,,,,,,,,All Other,Tier 1,,User Check required,,1100,1,58093441.85,118.6633886,-4766914.15,-7.58333941,Yes,,33335908,ESTIMATE-1470537,,,,,,,,,,,,,,,,,,,,,,,,Ecopia,
2025_Fundamental Advisors,18,Rock Creek M3 Portfolio,,,,,10/30/2025,10/30/2026,200 HOLLOW TREE,HOUSTON,Harris,,TX,,77090,US,30.02841,-95.43543,58101482.4,,0,8100000,365,USD,39,,AIR,101,,AIR,306,1980,2,464724,SQFT,PEF+PES+PSL,,,,,,,,,,,EQ_ALL OTHER,PSH+PWH,,,,,,S,0.05,,0.05,0.05,WS_TIER1,PFL,,,,,,,,,,,Flood_All,PNC,,,,,,,,,,,FR_All,,,,,,,,,,,,,,,,,,,,,,,,,,,,,,,,,,,,,,,,,,0,,,,,,,,2002,,,,,,,,,,,,,,,,,,,,,,,,,,,,,,,,,All Other,Tier 1,,User Check required,,1100,1,54830663.12,117.9854346,-3270819.284,-5.629493688,Yes,,33335909,ESTIMATE-1470537,,,,,,,,,,,,,,,,,,,,,,,,Ecopia,
2025_Fundamental Advisors,19,The Emerson Dallas Portfolio,,,,,10/30/2025,10/30/2026,9900 ADLETA,DALLAS,Dallas,,TX,,75243,US,32.90122,-96.71284,37298861.6,,20000,4751353,365,USD,11,,AIR,101,,AIR,306,1983,3,311833,SQFT,PEF+PES+PSL,,,,,,,,,,,EQ_ALL OTHER,PSH+PWH,,,,,,,,,,,WS_ALL OTHER,PFL,,,,,,,,,,,Flood_All,PNC,,,,,,,,,,,FR_All,,,,,,,,,,,,,,,,,,,,,,,,,,,,,,,,,,,,,,,,,,0,,,,,,,,2013,,,,,,,,,,,,,,,,,,,,,,,,,,,,,,,,,All Other,All Other,,User Check required,,1100,1,37309839.74,119.6468614,10978.14082,0.029432911,Yes,,33335910,ESTIMATE-1470537,,,,,,,,,,,,,,,,,,,,,,,,Ecopia,
2025_Fundamental Advisors,20,The Edison Dallas Portfolio,,,,,10/30/2025,10/30/2026,9959 ADLETA,DALLAS,Dallas,,TX,,75243,US,32.90065,-96.71109,37045280,,0,3600000,365,USD,20,,AIR,101,,AIR,306,1984,3,297699,SQFT,PEF+PES+PSL,,,,,,,,,,,EQ_ALL OTHER,PSH+PWH,,,,,,,,,,,WS_ALL OTHER,PFL,,,,,,,,,,,Flood_All,PNC,,,,,,,,,,,FR_All,,,,,,,,,,,,,,,,,,,,,,,,,,,,,,,,,,,,,,,,,,0,,,,,,,,2019,,,,,,,,,,,,,,,,,,,,,,,,,,,,,,,,,All Other,All Other,,User Check required,,1100,1,35643242.06,119.7291293,-1402037.938,-3.784660117,Yes,,33335911,ESTIMATE-1470537,,,,,,,,,,,,,,,,,,,,,,,,Ecopia,
2025_Fundamental Advisors,21,The Beckham Dallas II Portfolio,,,,,10/30/2025,10/30/2026,12111 AUDELIA,DALLAS,Dallas,,TX,,75243,US,32.91359,-96.71933,33045321.6,,0,3999755,365,USD,37,,AIR,101,,AIR,306,1983,2,251658,SQFT,PEF+PES+PSL,,,,,,,,,,,EQ_ALL OTHER,PSH+PWH,,,,,,,,,,,WS_ALL OTHER,PFL,,,,,,,,,,,Flood_All,PNC,,,,,,,,,,,FR_All,,,,,,,,,,,,,,,,,,,,,,,,,,,,,,,,,,,,,,,,,,0,,,,,,,,2016,,,,,,,,,,,,,,,,,,,,,,,,,,,,,,,,,All Other,All Other,,User Check required,,1100,1,30520008.06,121.2757316,-2525313.543,-7.641969939,Yes,,33335912,ESTIMATE-1470537,,,,,,,,,,,,,,,,,,,,,,,,Ecopia,
2025_Fundamental Advisors,22,The Bernard Dallas II Portfolio,,,,,10/30/2025,10/30/2026,11991 AUDELIA,DALLAS,Dallas,,TX,,75243,US,32.912,-96.71958,31199860,,0,3876746,365,USD,25,,AIR,101,,AIR,306,1983,2,243864,SQFT,PEF+PES+PSL,,,,,,,,,,,EQ_ALL OTHER,PSH+PWH,,,,,,,,,,,WS_ALL OTHER,PFL,,,,,,,,,,,Flood_All,PNC,,,,,,,,,,,FR_All,,,,,,,,,,,,,,,,,,,,,,,,,,,,,,,,,,,,,,,,,,0,,,,,,,,2011,,,,,,,,,,,,,,,,,,,,,,,,,,,,,,,,,All Other,All Other,,User Check required,,1100,1,29591646.8,121.3448758,-1608213.203,-5.154552627,Yes,,33335913,ESTIMATE-1470537,,,,,,,,,,,,,,,,,,,,,,,,Ecopia,
2025_Fundamental Advisors,23,The Blake Dallas II Portfolio,,,,,10/30/2025,10/30/2026,9669 FOREST,DALLAS,Dallas,,TX,,75243,US,32.91102,-96.7221,30841803.2,,0,3819915,365,USD,26,,AIR,101,,AIR,306,1983,2,240276,SQFT,PEF+PES+PSL,,,,,,,,,,,EQ_ALL OTHER,PSH+PWH,,,,,,,,,,,WS_ALL OTHER,PFL,,,,,,,,,,,Flood_All,PNC,,,,,,,,,,,FR_All,,,,,,,,,,,,,,,,,,,,,,,,,,,,,,,,,,,,,,,,,,0,,,,,,,,2011,,,,,,,,,,,,,,,,,,,,,,,,,,,,,,,,,All Other,All Other,,User Check required,,1100,1,29166723.03,121.388416,-1675080.165,-5.431200486,Yes,,33335914,ESTIMATE-1470537,,,,,,,,,,,,,,,,,,,,,,,,Ecopia,
2025_Fundamental Advisors,24,The Bentley Dallas II Portfolio,,,,,10/30/2025,10/30/2026,12121 AUDELIA,DALLAS,Dallas,,TX,,75243,US,32.91328,-96.72221,29892480,,0,3655266,365,USD,30,,AIR,101,,AIR,306,1983,2,229995,SQFT,PEF+PES+PSL,,,,,,,,,,,EQ_ALL OTHER,PSH+PWH,,,,,,,,,,,WS_ALL OTHER,PFL,,,,,,,,,,,Flood_All,PNC,,,,,,,,,,,FR_All,,,,,,,,,,,,,,,,,,,,,,,,,,,,,,,,,,,,,,,,,,0,,,,,,,,2016,,,,,,,,,,,,,,,,,,,,,,,,,,,,,,,,,All Other,All Other,,User Check required,,1100,1,27939230.84,121.4775575,-1953249.158,-6.534249276,Yes,,33335915,ESTIMATE-1470537,,,,,,,,,,,,,,,,,,,,,,,,Ecopia,
2025_Fundamental Advisors,25,Verano M3 Portfolio,,,,,10/30/2025,10/30/2026,2800 DAIRY ASHFORD,HOUSTON,Harris,,TX,,77082,US,29.73267,-95.60749,28301579.2,,0,3300000,365,USD,19,,AIR,101,,AIR,306,1981,2,226385,SQFT,PEF+PES+PSL,,,,,,,,,,,EQ_ALL OTHER,PSH+PWH,,,,,,S,0.05,,0.05,0.05,WS_TIER1,PFL,,,,,,,,,,,Flood_All,PNC,,,,,,,,,,,FR_All,,,,,,,,,,,,,,,,,,,,,,,,,,,,,,,,,,,,,,,,,,0,,,,,,,,,,,,,,,,,,,,,,,,,,,,,,,,,,,,,,,,,All Other,Tier 1,,User Check required,,1100,1,26993426.45,119.2368154,-1308152.753,-4.622189963,Yes,,33335916,ESTIMATE-1470537,,,,,,,,,,,,,,,,,,,,,,,,Ecopia,
2025_Fundamental Advisors,26,The Celine Bellevue Portfolio,,,,,10/30/2025,10/30/2026,9001 NORMANDALE,FORT WORTH,Tarrant,,TX,,76116,US,32.7343,-97.47487,27778083.2,,0,1775487,365,USD,28,,AIR,101,,AIR,306,1986,2,217274,SQFT,PEF+PES+PSL,,,,,,,,,,,EQ_ALL OTHER,PSH+PWH,,,,,,,,,,,WS_ALL OTHER,PFL,,,,,,,,,,,Flood_All,PNC,,,,,,,,,,,FR_All,,,,,,,,,,,,,,,,,,,,,,,,,,,,,,,,,,,,,,,,,,0,,,,,,,,2015,,,,,,,,,,,,,,,,,,,,,,,,,,,,,,,,,All Other,All Other,,User Check required,,1100,1,25760863.5,118.5639492,-2017219.696,-7.261911059,Yes,,33335917,ESTIMATE-1470537,,,,,,,,,,,,,,,,,,,,,,,,Ecopia,
2025_Fundamental Advisors,27,Whispering Woods The Jones,,,,,10/30/2025,10/30/2026,2109 LINCOLN,ARLINGTON,Tarrant,,TX,,76011,US,32.76808,-97.10465,25778071.2,,50000,2160806,365,USD,21,,AIR,101,,AIR,306,1977,2,201663,SQFT,PEF+PES+PSL,,,,,,,,,,,EQ_ALL OTHER,PSH+PWH,,,,,,,,,,,WS_ALL OTHER,PFL,,,,,,,,,,,Flood_All,PNC,,,,,,,,,,,FR_All,,,,,,,,,,,,,,,,,,,,,,,,,,,,,,,,,,,,,,,,,,0,,,,,,,,2015,,,,,,,,,,,,,,,,,,,,,,,,,,,,,,,,,All Other,All Other,,User Check required,,1100,1,24555429.47,121.7646741,-1222641.731,-4.742952726,Yes,,33335918,ESTIMATE-1470537,,,,,,,,,,,,,,,,,,,,,,,,Ecopia,
2025_Fundamental Advisors,28,600 East,,,,,10/30/2025,10/30/2026,600 ARKANSAS,ARLINGTON,Tarrant,,TX,,76014,US,32.70554,-97.10336,24467784,,0,2346163,365,USD,33,,AIR,101,,AIR,306,1969,2,186880,SQFT,PEF+PES+PSL,,,,,,,,,,,EQ_ALL OTHER,PSH+PWH,,,,,,,,,,,WS_ALL OTHER,PFL,,,,,,,,,,,Flood_All,PNC,,,,,,,,,,,FR_All,,,,,,,,,,,,,,,,,,,,,,,,,,,,,,,,,,,,,,,,,,0,,,,,,,,2020,,,,,,,,,,,,,,,,,,,,,,,,,,,,,,,,,All Other,All Other,,User Check required,,1100,1,22219964.15,118.8996369,-2247819.849,-9.186855045,Yes,,33335919,ESTIMATE-1470537,,,,,,,,,,,,,,,,,,,,,,,,Ecopia,
2025_Fundamental Advisors,29,Sedona Square M3 Portfolio,,,,,10/30/2025,10/30/2026,11715 GLEN,HOUSTON,Harris,,TX,,77099,US,29.67004,-95.58355,22575528,,0,3300000,365,USD,15,,AIR,101,,AIR,306,1982,2,178725,SQFT,PEF+PES+PSL,,,,,,,,,,,EQ_ALL OTHER,PSH+PWH,,,,,,S,0.05,,0.05,0.05,WS_TIER1,PFL,,,,,,,,,,,Flood_All,PNC,,,,,,,,,,,FR_All,,,,,,,,,,,,,,,,,,,,,,,,,,,,,,,,,,,,,,,,,,0,,,,,,,,2008,,,,,,,,,,,,,,,,,,,,,,,,,,,,,,,,,All Other,Tier 1,,User Check required,,1100,1,21549070.45,120.5711034,-1026457.546,-4.546770936,Yes,,33335920,ESTIMATE-1470537,,,,,,,,,,,,,,,,,,,,,,,,Ecopia,
2025_Fundamental Advisors,30,Villa La Jolla Athena,,,,,10/30/2025,10/30/2026,10101 FORUM PARK,HOUSTON,Harris,,TX,,77036,US,29.67161,-95.5543,22013045.6,,0,3122307,365,USD,13,,AIR,101,,AIR,306,1979,2,175504,SQFT,PEF+PES+PSL,,,,,,,,,,,EQ_ALL OTHER,PSH+PWH,,,,,,S,0.05,,0.05,0.05,WS_TIER1,PFL,,,,,,,,,,,Flood_All,PNC,,,,,,,,,,,FR_All,,,,,,,,,,,,,,,,,,,,,,,,,,,,,,,,,,,,,,,,,,0,,,,,,,,,,,,,,,,,,,,,,,,,,,,,,,,,,,,,,,,,All Other,Tier 1,,User Check required,,1100,1,21169938.7,120.6236821,-843106.8966,-3.830032935,Yes,,33335921,ESTIMATE-1470537,,,,,,,,,,,,,,,,,,,,,,,,Ecopia,
2025_Fundamental Advisors,31,The Carmen Bellevue Portfolio,,,,,10/30/2025,10/30/2026,9200 NORMANDALE,FORT WORTH,Tarrant,,TX,,76116,US,32.73539,-97.47868,21978140,,0,1732950,365,USD,25,,AIR,101,,AIR,306,1985,2,170805,SQFT,PEF+PES+PSL,,,,,,,,,,,EQ_ALL OTHER,PSH+PWH,,,,,,,,,,,WS_ALL OTHER,PFL,,,,,,,,,,,Flood_All,PNC,,,,,,,,,,,FR_All,,,,,,,,,,,,,,,,,,,,,,,,,,,,,,,,,,,,,,,,,,0,,,,,,,,2011,,,,,,,,,,,,,,,,,,,,,,,,,,,,,,,,,All Other,All Other,,User Check required,,1100,1,20345467.13,119.115173,-1632672.871,-7.428621673,Yes,,33335922,ESTIMATE-1470537,,,,,,,,,,,,,,,,,,,,,,,,Ecopia,
2025_Fundamental Advisors,32,The Falls Harper,,,,,10/30/2025,10/30/2026,9797 BRUTON,DALLAS,Dallas,,TX,,75217,US,32.7498,-96.65414,20732909.6,,0,2385890,365,USD,13,,AIR,101,,AIR,306,1985,3,163592,SQFT,PEF+PES+PSL,,,,,,,,,,,EQ_ALL OTHER,PSH+PWH,,,,,,,,,,,WS_ALL OTHER,PFL,,,,,,,,,,,Flood_All,PNC,,,,,,,,,,,FR_All,,,,,,,,,,,,,,,,,,,,,,,,,,,,,,,,,,,,,,,,,,0,,,,,,,,2022,,,,,,,,,,,,,,,,,,,,,,,,,,,,,,,,,All Other,All Other,,User Check required,,1100,1,19818901.24,121.1483522,-914008.3618,-4.408490557,Yes,,33335923,ESTIMATE-1470537,,,,,,,,,,,,,,,,,,,,,,,,Ecopia,
2025_Fundamental Advisors,33,The Baxter Dallas II Portfolio,,,,,10/30/2025,10/30/2026,9737 FOREST,DALLAS,Dallas,,TX,,75243,US,32.9106,-96.72103,19100236.8,,0,2484036,365,USD,8,,AIR,101,,AIR,306,1983,2,156380,SQFT,PEF+PES+PSL,,,,,,,,,,,EQ_ALL OTHER,PSH+PWH,,,,,,,,,,,WS_ALL OTHER,PFL,,,,,,,,,,,Flood_All,PNC,,,,,,,,,,,FR_All,,,,,,,,,,,,,,,,,,,,,,,,,,,,,,,,,,,,,,,,,,0,,,,,,,,2014,,,,,,,,,,,,,,,,,,,,,,,,,,,,,,,,,All Other,All Other,,User Check required,,1100,1,19132914.9,122.3488611,32678.09568,0.171087385,Yes,,33335924,ESTIMATE-1470537,,,,,,,,,,,,,,,,,,,,,,,,Ecopia,
2025_Fundamental Advisors,34,The Patrick Stephenville Portfolio,,,,,10/30/2025,10/30/2026,2251 LINGLEVILLE,STEPHENVILLE,Erath,,TX,,76401,US,32.22789,-98.23493,18006242.4,,0,3001055,365,USD,37,,AIR,101,,AIR,306,1984,2,142950,SQFT,PEF+PES+PSL,,,,,,,,,,,EQ_ALL OTHER,PSH+PWH,,,,,,,,,,,WS_ALL OTHER,PFL,,,,,,,,,,,Flood_All,PNC,,,,,,,,,,,FR_All,,,,,,,,,,,,,,,,,,,,,,,,,,,,,,,,,,,,,,,,,,0,,,,,,,,2015,,,,,,,,,,,,,,,,,,,,,,,,,,,,,,,,,All Other,All Other,,User Check required,,1100,1,15781376.11,110.3978742,-2224866.289,-12.35608318,Yes,,33335925,ESTIMATE-1470537,,,,,,,,,,,,,,,,,,,,,,,,Ecopia,
2025_Fundamental Advisors,35,The Caleb Bellevue Portfolio,,,,,10/30/2025,10/30/2026,7878 MARVIN D LOVE,DALLAS,Dallas,,TX,,75237,US,32.6508,-96.87888,18152288,,0,2576972,365,USD,7,,AIR,101,,AIR,306,1986,3,149554,SQFT,PEF+PES+PSL,,,,,,,,,,,EQ_ALL OTHER,PSH+PWH,,,,,,,,,,,WS_ALL OTHER,PFL,,,,,,,,,,,Flood_All,PNC,,,,,,,,,,,FR_All,,,,,,,,,,,,,,,,,,,,,,,,,,,,,,,,,,,,,,,,,,0,,,,,,,,2012,,,,,,,,,,,,,,,,,,,,,,,,,,,,,,,,,All Other,All Other,,User Check required,,1100,1,18156348.87,121.4032983,4060.872057,0.022371131,Yes,,33335926,ESTIMATE-1470537,,,,,,,,,,,,,,,,,,,,,,,,Ecopia,
2025_Fundamental Advisors,36,The Campbelle Bellevue Portfolio,,,,,10/30/2025,10/30/2026,7301 EDERVILLE,FORT WORTH,Tarrant,,TX,,76112,US,32.75875,-97.19949,27164276,,0,1589270,365,USD,23,,AIR,101,,AIR,306,1985,3,222658,SQFT,PEF+PES+PSL,,,,,,,,,,,EQ_ALL OTHER,PSH+PWH,,,,,,,,,,,WS_ALL OTHER,PFL,,,,,,,,,,,Flood_All,PNC,,,,,,,,,,,FR_All,,,,,,,,,,,,,,,,,,,,,,,,,,,,,,,,,,,,,,,,,,0,,,,,,,,,,,,,,,,,,,,,,,,,,,,,,,,,,,,,,,,,All Other,All Other,,User Check required,,1100,1,26136800.52,117.3854095,-1027475.483,-3.782451198,Yes,,33335927,ESTIMATE-1470537,,,,,,,,,,,,,,,,,,,,,,,,Ecopia,
2025_Fundamental Advisors,37,The Camilla Bellevue Portfolio,,,,,10/30/2025,10/30/2026,4819 GALLOWAY,MESQUITE,Dallas,,TX,,75150,US,32.82755,-96.62818,32906250,,0,4417344,365,USD,14,,AIR,101,,AIR,306,1982,3,250048,SQFT,PEF+PES+PSL,,,,,,,,,,,EQ_ALL OTHER,PSH+PWH,,,,,,,,,,,WS_ALL OTHER,PFL,,,,,,,,,,,Flood_All,PNC,,,,,,,,,,,FR_All,,,,,,,,,,,,,,,,,,,,,,,,,,,,,,,,,,,,,,,,,,0,,,,,,,,2018,,,,,,,,,,,,,,,,,,,,,,,,,,,,,,,,,All Other,All Other,,User Check required,,1100,1,30034482.92,120.1148696,-2871767.076,-8.72711742,Yes,,33335928,ESTIMATE-1470537,,,,,,,,,,,,,,,,,,,,,,,,Ecopia,
2025_Fundamental Advisors,38,The Parker Stephenville Portfolio,,,,,10/30/2025,10/30/2026,2249 NORTHWEST,STEPHENVILLE,Erath,,TX,,76401,US,32.22419,-98.23502,13235536,,0,2012298,365,USD,11,,AIR,101,,AIR,306,1972,2,108488,SQFT,PEF+PES+PSL,,,,,,,,,,,EQ_ALL OTHER,PSH+PWH,,,,,,,,,,,WS_ALL OTHER,PFL,,,,,,,,,,,Flood_All,PNC,,,,,,,,,,,FR_All,,,,,,,,,,,,,,,,,,,,,,,,,,,,,,,,,,,,,,,,,,0,,,,,,,,2015,,,,,,,,,,,,,,,,,,,,,,,,,,,,,,,,,All Other,All Other,,User Check required,,1100,1,12055835.87,111.125985,-1179700.134,-8.913127012,Yes,,33335929,ESTIMATE-1470537,,,,,,,,,,,,,,,,,,,,,,,,Ecopia,
2025_Fundamental Advisors,39,Indigo Harwell,,,,,10/30/2025,10/30/2026,9666 SCYENE,DALLAS,Dallas,,TX,,75227,US,32.76135,-96.65524,11349768,,0,1265977,365,USD,10,,AIR,101,,AIR,306,1983,2,88360,SQFT,PEF+PES+PSL,,,,,,,,,,,EQ_ALL OTHER,PSH+PWH,,,,,,,,,,,WS_ALL OTHER,PFL,,,,,,,,,,,Flood_All,PNC,,,,,,,,,,,FR_All,,,,,,,,,,,,,,,,,,,,,,,,,,,,,,,,,,,,,,,,,,0,,,,,,,,2014,,,,,,,,,,,,,,,,,,,,,,,,,,,,,,,,,All Other,All Other,,User Check required,,1100,1,10957354.9,124.0080908,-392413.1,-3.457454813,Yes,,33335930,ESTIMATE-1470537,,,,,,,,,,,,,,,,,,,,,,,,Ecopia,
2025_Fundamental Advisors,40,The Columns Stephenville 5 Portfolio,,,,,10/30/2025,10/30/2026,1400 SWAN,STEPHENVILLE,Erath,,TX,,76401,US,32.21054,-98.21347,6704244,,0,1203804,365,USD,9,,AIR,101,,AIR,306,1980,2,55940,SQFT,PEF+PES+PSL,,,,,,,,,,,EQ_ALL OTHER,PSH+PWH,,,,,,,,,,,WS_ALL OTHER,PFL,,,,,,,,,,,Flood_All,PNC,,,,,,,,,,,FR_All,,,,,,,,,,,,,,,,,,,,,,,,,,,,,,,,,,,,,,,,,,0,,,,,,,,2015,,,,,,,,,,,,,,,,,,,,,,,,,,,,,,,,,All Other,All Other,,User Check required,,1100,1,6336378.163,113.2709718,-367865.837,-5.487059198,Yes,,33335931,ESTIMATE-1470537,,,,,,,,,,,,,,,,,,,,,,,,Ecopia,
2025_Fundamental Advisors,41,Stephenville West Stephenville 5 Portfolio,,,,,10/30/2025,10/30/2026,2251 TARLETON,STEPHENVILLE,Erath,,TX,,76401,US,32.21134,-98.22815,6727656,,0,1085132,365,USD,10,,AIR,101,,AIR,306,1977,2,55400,SQFT,PEF+PES+PSL,,,,,,,,,,,EQ_ALL OTHER,PSH+PWH,,,,,,,,,,,WS_ALL OTHER,PFL,,,,,,,,,,,Flood_All,PNC,,,,,,,,,,,FR_All,,,,,,,,,,,,,,,,,,,,,,,,,,,,,,,,,,,,,,,,,,0,,,,,,,,2015,,,,,,,,,,,,,,,,,,,,,,,,,,,,,,,,,All Other,All Other,,User Check required,,1100,1,6276681.803,113.2975055,-450974.1971,-6.703288592,Yes,,33335932,ESTIMATE-1470537,,,,,,,,,,,,,,,,,,,,,,,,Ecopia,
2025_Fundamental Advisors,42,Bluebonnet Stephenville Portfolio,,,,,10/30/2025,10/30/2026,100 BLUEBONNET,STEPHENVILLE,Erath,,TX,,76401,US,32.22536,-98.23446,7532768,,0,650000,365,USD,5,,AIR,101,,AIR,306,1982,2,61744,SQFT,PEF+PES+PSL,,,,,,,,,,,EQ_ALL OTHER,PSH+PWH,,,,,,,,,,,WS_ALL OTHER,PFL,,,,,,,,,,,Flood_All,PNC,,,,,,,,,,,FR_All,,,,,,,,,,,,,,,,,,,,,,,,,,,,,,,,,,,,,,,,,,0,,,,,,,,2020,,,,,,,,,,,,,,,,,,,,,,,,,,,,,,,,,All Other,All Other,,User Check required,,1100,1,6969404.008,112.8758099,-563363.9917,-7.47884432,Yes,,33335933,ESTIMATE-1470537,,,,,,,,,,,,,,,,,,,,,,,,Ecopia,
2025_Fundamental Advisors,43,Auburn Place Stephenville 5 Portfolio,,,,,10/30/2025,10/30/2026,949 LILLIAN,STEPHENVILLE,Erath,,TX,,76401,US,32.20665,-98.21092,6090800,,0,893930,365,USD,10,,AIR,101,,AIR,306,1976,2,49596,SQFT,PEF+PES+PSL,,,,,,,,,,,EQ_ALL OTHER,PSH+PWH,,,,,,,,,,,WS_ALL OTHER,PFL,,,,,,,,,,,Flood_All,PNC,,,,,,,,,,,FR_All,,,,,,,,,,,,,,,,,,,,,,,,,,,,,,,,,,,,,,,,,,0,,,,,,,,2015,,,,,,,,,,,,,,,,,,,,,,,,,,,,,,,,,All Other,All Other,,User Check required,,1100,1,5642393.195,113.7671021,-448406.8049,-7.362034624,Yes,,33335934,ESTIMATE-1470537,,,,,,,,,,,,,,,,,,,,,,,,Ecopia,
2025_Fundamental Advisors,44,College View Stephenville 5 Portfolio,,,,,10/30/2025,10/30/2026,1133 WASHINGTON,STEPHENVILLE,Erath,,TX,,76401,US,32.21609,-98.21231,3524824,,0,671924,365,USD,1,,AIR,101,,AIR,306,1967,2,28892,SQFT,PEF+PES+PSL,,,,,,,,,,,EQ_ALL OTHER,PSH+PWH,,,,,,,,,,,WS_ALL OTHER,PFL,,,,,,,,,,,Flood_All,PNC,,,,,,,,,,,FR_All,,,,,,,,,,,,,,,,,,,,,,,,,,,,,,,,,,,,,,,,,,0,,,,,,,,2019,,,,,,,,,,,,,,,,,,,,,,,,,,,,,,,,,All Other,All Other,,User Check required,,1100,1,3362534.008,116.3828744,-162289.9919,-4.604201284,Yes,,33335935,ESTIMATE-1470537,,,,,,,,,,,,,,,,,,,,,,,,Ecopia,
2025_Fundamental Advisors,45,Lillian II Stephenville 5 Portfolio,,,,,10/30/2025,10/30/2026,301 LILLIAN,STEPHENVILLE,Erath,,TX,,76401,US,32.21134,-98.21491,2854800,,0,463302,365,USD,1,,AIR,101,,AIR,306,1971,2,23400,SQFT,PEF+PES+PSL,,,,,,,,,,,EQ_ALL OTHER,PSH+PWH,,,,,,,,,,,WS_ALL OTHER,PFL,,,,,,,,,,,Flood_All,PNC,,,,,,,,,,,FR_All,,,,,,,,,,,,,,,,,,,,,,,,,,,,,,,,,,,,,,,,,,0,,,,,,,,2015,,,,,,,,,,,,,,,,,,,,,,,,,,,,,,,,,All Other,All Other,,User Check required,,1100,1,2747625.512,117.4198937,-107174.488,-3.754185513,Yes,,33335936,ESTIMATE-1470537,,,,,,,,,,,,,,,,,,,,,,,,Ecopia,
2025_Fundamental Advisors,46,Beach House Jax,,,,,10/30/2025,10/30/2026,1315 2ND,JACKSONVILLE BEACH,Duval,,FL,,32250,US,30.2903,-81.40469,14700000,,770000,300000,365,USD,1,,AIR,111,,AIR,305,2014,3,70962,SQFT,PEF+PES+PSL,,,,,,,,,,,EQ_ALL OTHER,PSH+PWH,,,,,,S,0.05,,0.05,0.05,WS_TIER1,PFL,,,,,,,,,,,Flood_All,PNC,,,,,,,,,,,FR_All,,,,,,,,,,,,,,,,,,,,,,,,,,,,,,,,,,,,,,,,,,1,,,,,,,,,,,,,,,,,,,,,,,,,,,,,,,,,,,,,,,,,All Other,Tier 1,,User Check required,,5200,2,14834316.16,209.0459142,134316.1633,0.913715397,Yes,,33335937,ESTIMATE-1470537,,,,,,,,,,,,,,,,,,,,,,,,Ecopia,
2025_Fundamental Advisors,47,Cambridge Estates,,,,,10/30/2025,10/30/2026,3605 BRANDYWINE,LAFAYETTE,Tippecanoe,,IN,,47905,US,40.39604,-86.84667,29590900,,100000,3755262,365,USD,40,,AIR,101,,AIR,303,1973,2,296108,SQFT,PEF+PES+PSL,,,,,,,,,,,EQ_ALL OTHER,PSH+PWH,,,,,,,,,,,WS_ALL OTHER,PFL,,,,,,,,,,,Flood_All,PNC,,,,,,,,,,,FR_All,,,,,,,,,,,,,,,,,,,,,,,,,,,,,,,,,,,,,,,,,,0,,,1,,,,,2018,,,,,1,,,,,,,,,,,,,,,,,,,,,,,,,,,,All Other,All Other,,User Check required,,1230,1,38362681.71,129.5563838,8771781.706,29.64351103,Yes,,33335938,ESTIMATE-1470537,,,,,,,,,,,,,,,,,,,,,,,,Ecopia,
2025_Fundamental Advisors,48,Piper,,,,,10/30/2025,10/30/2026,2300 113TH,KANSAS CITY,Wyandotte,,KS,,66109,US,39.13111,-94.84253,16900000,,1000000,1500000,365,USD,8,,AIR,101,,AIR,305,2015,3,100024,SQFT,PEF+PES+PSL,,,,,,,,,,,EQ_ALL OTHER,PSH+PWH,,,,,,,,,,,WS_ALL OTHER,PFL,,,,,,,,,,,Flood_All,PNC,,,,,,,,,,,FR_All,,,,,,,,,,,,,,,,,,,,,,,,,,,,,,,,,,,,,,,,,,1,,,,,,,,2015,,,,,,,,,,,,,,,,,,,,,,,,,,,,,,,,,All Other,All Other,,User Check required,,5200,1,23930883.77,239.2514173,7030883.767,41.60286253,Yes,,33335939,ESTIMATE-1470537,,,,,,,,,,,,,,,,,,,,,,,,Ecopia,
2025_Fundamental Advisors,49,Fieldstone Yakima,,,,,10/30/2025,10/30/2026,4120 ENGLEWOOD,YAKIMA,Yakima,,WA,,98908,US,46.6056,-120.56442,22296014,,1033515,2900000,365,USD,3,,AIR,101,,AIR,305,2014,2,101574,SQFT,PEF+PES+PSL,,,,,,,,,,,EQ_ALL OTHER,PSH+PWH,,,,,,,,,,,WS_ALL OTHER,PFL,,,,,,,,,,,Flood_All,PNC,,,,,,,,,,,FR_All,,,,,,,,,,,,,,,,,,,,,,,,,,,,,,,,,,,,,,,,,,1,,,,,,,,,,,,,,,,,,,,,,,,,,,,,,,,,,,,,,,,,All Other,All Other,,User Check required,,5200,1,30191947.05,297.2408988,7895933.055,35.41410162,Yes,,33335940,ESTIMATE-1470537,,,,,,,,,,,,,,,,,,,,,,,,Ecopia,
2025_Fundamental Advisors,50,Keizer Ridge,,,,,10/30/2025,10/30/2026,1165 MCGEE,SALEM,Marion,,OR,,97303,US,45.01929,-123.01614,20000000,,1000000,1000000,365,USD,1,,AIR,101,,AIR,305,2016,3,111792,SQFT,PEF+PES+PSL,,,,,,,,,,,EQ_ALL OTHER,PSH+PWH,,,,,,,,,,,WS_ALL OTHER,PFL,,,,,,,,,,,Flood_All,PNC,,,,,,,,,,,FR_All,,,,,,,,,,,,,,,,,,,,,,,,,,,,,,,,,,,,,,,,,,1,,,,,,,,2016,,,,,,,,,,,,,,,,,,,,,,,,,,,,,,,,,Pacific Northwest,All Other,,User Check required,,5200,1,29134592.2,260.6142855,9134592.203,45.67296102,Yes,,33335941,ESTIMATE-1470537,,,,,,,,,,,,,,,,,,,,,,,,Ecopia,
2025_Fundamental Advisors,51,Atwood Apartments,,,,,10/30/2025,10/30/2026,3700 MCDONALD,TYLER,Smith,,TX,,75701,US,32.32412,-95.24959,11341440,,50000,1400000,365,USD,15,,AIR,101,,AIR,303,1984,2,94512,SQFT,PEF+PES+PSL,,,,,,,,,,,EQ_ALL OTHER,PSH+PWH,,,,,,,,,,,WS_ALL OTHER,PFL,,,,,,,,,,,Flood_All,PNC,,,,,,,,,,,FR_All,,,,,,,,,,,,,,,,,,,,,,,,,,,,,,,,,,,,,,,,,,0,,,,,,,,,,,,,,,,,,,,,,,,,,,,,,,,,,,,,,,,,All Other,All Other,,User Check required,,1230,1,10611035.15,112.2718295,-730404.8468,-6.440142052,Yes,,33335942,ESTIMATE-1470537,,,,,,,,,,,,,,,,,,,,,,,,Ecopia,
2025_Fundamental Advisors,52,Wood Trail Apartments,,,,,10/30/2025,10/30/2026,1909 SHILOH,TYLER,Smith,,TX,,75703,US,32.29323,-95.277,17204440,,50000,2400000,365,USD,20,,AIR,101,,AIR,303,1983,2,141020,SQFT,PEF+PES+PSL,,,,,,,,,,,EQ_ALL OTHER,PSH+PWH,,,,,,,,,,,WS_ALL OTHER,PFL,,,,,,,,,,,Flood_All,PNC,,,,,,,,,,,FR_All,,,,,,,,,,,,,,,,,,,,,,,,,,,,,,,,,,,,,,,,,,0,,,,,,,,,,,,,,,,,,,,,,,,,,,,,,,,,,,,,,,,,All Other,All Other,,User Check required,,1230,1,15687230.04,111.2411718,-1517209.959,-8.818711677,Yes,,33335943,ESTIMATE-1470537,,,,,,,,,,,,,,,,,,,,,,,,Ecopia,
2025_Fundamental Advisors,53,Kenridge Apartments,,,,,10/30/2025,10/30/2026,3893 KENSINGTON,DECATUR,DeKalb,,GA,,30032,US,33.76629,-84.23666,36367984,,0,0,365,USD,41,,AIR,101,,AIR,306,1988,2,293743,SQFT,PEF+PES+PSL,,,,,,,,,,,EQ_ALL OTHER,PSH+PWH,,,,,,,,,,,WS_ALL OTHER,PFL,,,,,,,,,,,Flood_All,PNC,,,,,,,,,,,FR_All,,,,,,,,,,,,,,,,,,,,,,,,,,,,,,,,,,,,,,,,,,0,,,,,,,,,,,,,,,,,,,,,,,,,,,,,,,,,,,,,,,,,All Other,All Other,,User Check required,,1100,1,34217423.73,116.4876226,-2150560.265,-5.913333731,Yes,,33335944,ESTIMATE-1470537,,,,,,,,,,,,,,,,,,,,,,,,Ecopia,
2025_Fundamental Advisors,54,Sterling Glenwood,,,,,10/30/2025,10/30/2026,3939 GLENWOOD,RALEIGH,Wake,,NC,,27612,US,35.83237,-78.66827,34108120.2,,8000,2231015,365,USD,1,,AIR,116,,AIR,303,1964,8,185340,SQFT,PEF+PES+PSL,,,,,,,,,,,EQ_ALL OTHER,PSH+PWH,,,,,,,,,,,WS_ALL OTHER,PFL,,,,,,,,,,,Flood_All,PNC,,,,,,,,,,,FR_All,,,,,,,,,,,,,,,,,,,,,,,,,,,,,,,,,,,,,,,,,,0,,,,,,,,,,,,,,,,,,,,,,,,,,,,,,,,,,,,,,,,,All Other,All Other,,User Check required,,1200,2,31438343.47,169.625248,-2669776.729,-7.827393341,Yes,,33335945,ESTIMATE-1470537,,,,,,,,,,,,,,,,,,,,,,,,Ecopia,
2025_Fundamental Advisors,55,Spring Gardens Draper,,,,,10/30/2025,10/30/2026,1393 PIONEER,DRAPER,Salt Lake,,UT,,84020,US,40.52538,-111.85123,12279374.4,,735000,200000,365,USD,1,,AIR,153,,AIR,305,2020,2,77165,SQFT,PEF+PES+PSL,,,,,,,,,,,EQ_ALL OTHER,PSH+PWH,,,,,,,,,,,WS_ALL OTHER,PFL,,,,,,,,,,,Flood_All,PNC,,,,,,,,,,,FR_All,,,,,,,,,,,,,,,,,,,,,,,,,,,,,,,,,,,,,1,,,,,1,,,,,,,,2020,,,,,,,,,,,,,,,,,,,,,,,,,,,,,,,,,All Other,All Other,,User Check required,,5200,4,23159029.08,300.1234896,10879654.68,88.60105021,Yes,,33335946,ESTIMATE-1470537,,,,,,,,,,,,,,,,,,,,,,,,Ecopia,
2025_Fundamental Advisors,56,Spring Gardens Meridian,,,,,10/30/2025,10/30/2026,1180 OVERLAND,MERIDIAN,Ada,,ID,,83642,US,43.59064,-116.4082,8890807.2,,630000,400000,365,USD,1,,AIR,153,,AIR,305,2018,2,50194,SQFT,PEF+PES+PSL,,,,,,,,,,,EQ_ALL OTHER,PSH+PWH,,,,,,,,,,,WS_ALL OTHER,PFL,,,,,,,,,,,Flood_All,PNC,,,,,,,,,,,FR_All,,,,,,,,,,,,,,,,,,,,,,,,,,,,,,,,,,,,,1,,,,,1,,,,,,,,2018,,,,,,,,,,,,,,,,,,,,,,,,,,,,,,,,,All Other,All Other,,User Check required,,5200,4,16994721.02,338.5807271,8103913.815,91.14935948,Yes,,33335947,ESTIMATE-1470537,,,,,,,,,,,,,,,,,,,,,,,,Ecopia,
2025_Fundamental Advisors,57,Black Stone Hotel,,,,,10/30/2025,10/30/2026,636 MICHIGAN,CHICAGO,Cook,,IL,,60605,US,41.87337,-87.62476,106540776.8,,9600000,15850000,365,USD,1,,AIR,131,,AIR,304,1910,25,324595,SQFT,PEF+PES+PSL,,,,,,,,,,,EQ_ALL OTHER,PSH+PWH,,,,,,,,,,,WS_ALL OTHER,PFL,,,,,,,,,,,Flood_All,PNC,,,,,,,,,,,FR_All,,,,,,,,,,,,,,,,,,,,,,,,,,,,,,,,,,,,,,,,,,1,,,,,,,,2008,,,,,,,,,,,,,,,,,,,,,,,,,,,,,,,,,All Other,All Other,,User Check required,,1560,6,116579842.7,359.1547705,10039065.94,9.422745206,Yes,,33335948,ESTIMATE-1470537,,,,,,,,,,,,,,,,,,,,,,,,Ecopia,
2025_Fundamental Advisors,58,Concordia Millbrook Park,,,,,10/30/2025,10/30/2026,6808 MILLBROOK PARK,BALTIMORE,Baltimore,,MD,,21215,US,39.35869,-76.71783,100091876.8,,0,16802213,365,USD,73,,AIR,101,,AIR,306,1964,3,696879,SQFT,PEF+PES+PSL,,,,,,,,,,,EQ_ALL OTHER,PSH+PWH,,,,,,,,,,,WS_ALL OTHER,PFL,,,,,,,,,,,Flood_All,PNC,,,,,,,,,,,FR_All,,,,,,,,,,,,,,,,,,,,,,,,,,,,,,,,,,,,,,,,,,0,,,,,,,,2020,,,,,,,,,,,,,,,,,,,,,,,,,,,,,,,,,All Other,All Other,,User Check required,,1100,1,89744007.93,128.7799,-10347868.87,-10.33837031,Yes,,33335949,ESTIMATE-1470537,,,,,,,,,,,,,,,,,,,,,,,,Ecopia,
2025_Fundamental Advisors,59,70 PPW,,,,,10/30/2025,10/30/2026,70 PROSPECT,BROOKLYN,Kings,,NY,,11215,US,40.66856,-73.97391,10356896.8,,0,1484000,365,USD,1,,AIR,119,,AIR,306,1920,6,36636,SQFT,PEF+PES+PSL,,,,,,,,,,,EQ_ALL OTHER,PSH+PWH,,,,,,,,,,,WS_ALL OTHER,PFL,,,,,,,,,,,Flood_All,PNC,,,,,,,,,,,FR_All,,,,,,,,,,,,,,,,,,,,,,,,,,,,,,,,,,,,,,,,,,0,,,,,,,,,,,,,,,,,,,,,,,,,,,,,,,,,,,,,,,,,All Other,All Other,,User Check required,,1200,2,11515662.01,314.3264004,1158765.205,11.18834365,Yes,,33335950,ESTIMATE-1470537,,,,,,,,,,,,,,,,,,,,,,,,Ecopia,
2025_Fundamental Advisors,60,13th Street,,,,,10/30/2025,10/30/2026,225 13TH,BROOKLYN,Kings,,NY,,11215,US,40.6677,-73.98972,7186010.4,,0,1057317,365,USD,1,,AIR,119,,AIR,306,1914,5,23500,SQFT,PEF+PES+PSL,,,,,,,,,,,EQ_ALL OTHER,PSH+PWH,,,,,,,,,,,WS_ALL OTHER,PFL,,,,,,,,,,,Flood_All,PNC,,,,,,,,,,,FR_All,,,,,,,,,,,,,,,,,,,,,,,,,,,,,,,,,,,,,,,,,,0,,,,,,,,,,,,,,,,,,,,,,,,,,,,,,,,,,,,,,,,,All Other,All Other,,User Check required,,1200,2,7990006.332,340.0002695,803995.9325,11.18834914,Yes,,33335951,ESTIMATE-1470537,,,,,,,,,,,,,,,,,,,,,,,,Ecopia,
2025_Fundamental Advisors,61,12th Street,,,,,10/30/2025,10/30/2026,505 12TH,BROOKLYN,Kings,,NY,,11215,US,40.66332,-73.97915,6123647.2,,0,923400,365,USD,1,,AIR,119,,AIR,306,1915,4,30047,SQFT,PEF+PES+PSL,,,,,,,,,,,EQ_ALL OTHER,PSH+PWH,,,,,,,,,,,WS_ALL OTHER,PFL,,,,,,,,,,,Flood_All,PNC,,,,,,,,,,,FR_All,,,,,,,,,,,,,,,,,,,,,,,,,,,,,,,,,,,,,,,,,,0,,,,,,,,,,,,,,,,,,,,,,,,,,,,,,,,,,,,,,,,,All Other,All Other,,User Check required,,1110,2,6789364.047,225.9581338,665716.8474,10.87124757,Yes,,33335952,ESTIMATE-1470537,,,,,,,,,,,,,,,,,,,,,,,,Ecopia,
2025_Fundamental Advisors,62,852 Classon Ave,,,,,10/30/2025,10/30/2026,852 CLASSON,BROOKLYN,Kings,,NY,,11238,US,40.67188,-73.96133,2543519.2,,0,240000,365,USD,1,,AIR,119,,AIR,306,1914,5,9000,SQFT,PEF+PES+PSL,,,,,,,,,,,EQ_ALL OTHER,PSH+PWH,,,,,,,,,,,WS_ALL OTHER,PFL,,,,,,,,,,,Flood_All,PNC,,,,,,,,,,,FR_All,,,,,,,,,,,,,,,,,,,,,,,,,,,,,,,,,,,,,,,,,,0,,,,,,,,,,,,,,,,,,,,,,,,,,,,,,,,,,,,,,,,,All Other,All Other,,User Check required,,1200,2,2828096.707,314.2329675,284577.5074,11.1883373,Yes,,33335953,ESTIMATE-1470537,,,,,,,,,,,,,,,,,,,,,,,,Ecopia,
2025_Fundamental Advisors,63,Lynn Apartments Bridgeport Housing,,,,,10/30/2025,10/30/2026,446 GOLDENROD,BRIDGEPORT,Creater Bridgeport,,CT,,6606,US,41.20992,-73.21875,6370441.6,,0,0,365,USD,2,,AIR,101,,AIR,306,1965,3,38325,SQFT,PEF+PES+PSL,,,,,,,,,,,EQ_ALL OTHER,PSH+PWH,,,,,,,,,,,WS_ALL OTHER,PFL,,,,,,,,,,,Flood_All,PNC,,,,,,,,,,,FR_All,,,,,,,,,,,,,,,,,,,,,,,,,,,,,,,,,,,,,,,,,,0,,,,,,,,,,,,,1,,,,,,,,,,,,,,,,,,,,,,,,,,,,All Other,All Other,,User Check required,,1100,1,6529633.022,170.3752908,159191.4216,2.498907165,Yes,,33335954,ESTIMATE-1470537,,,,,,,,,,,,,,,,,,,,,,,,Ecopia,
2025_Fundamental Advisors,64,Brookside Gardens Bridgeport Housing,,,,,10/30/2025,10/30/2026,150 ANTON,BRIDGEPORT,Creater Bridgeport,,CT,,6606,US,41.21884,-73.21836,4475388,,0,0,365,USD,5,,AIR,111,,AIR,306,1960,3,21506,SQFT,PEF+PES+PSL,,,,,,,,,,,EQ_ALL OTHER,PSH+PWH,,,,,,,,,,,WS_ALL OTHER,PFL,,,,,,,,,,,Flood_All,PNC,,,,,,,,,,,FR_All,,,,,,,,,,,,,,,,,,,,,,,,,,,,,,,,,,,,,,,,,,0,,,,,,,,2022,,,,,,,,,,,,,,,,,,,,,,,,,,,,,,,,,All Other,All Other,,User Check required,,1100,2,3922388.441,182.3857733,-552999.5587,-12.35646068,Yes,,33335955,ESTIMATE-1470537,,,,,,,,,,,,,,,,,,,,,,,,Ecopia,
2025_Fundamental Advisors,65,19500 Rancho Way Property LLC,,,,,10/30/2025,10/30/2026,19500 RANCHO,COMPTON,Los Angeles,,CA,,90220,US,33.85426,-118.21917,21932256,,0,641110,365,USD,2,,AIR,131,,AIR,315,1986,1,156535,SQFT,PEF+PES+PSL,,,,,,S,0.05,,0.05,0.05,EQ_CA,PSH+PWH,,,,,,,,,,,WS_ALL OTHER,PFL,,,,,,,,,,,Flood_All,PNC,,,,,,,,,,,FR_All,,,,,,,,,,,,,,,,,,,,,,,,,,,,,,,,,,,,,,,,,,0,,,,,,,,,,,,,,,,,,,,,,,,,,,,,,,,,,,,,,,,,California,All Other,,User Check required,,2100,6,35864873.28,229.1172791,13932617.28,63.52569146,Yes,,33335956,ESTIMATE-1470537,,,,,,,,,,,,,,,,,,,,,,,,Ecopia,
2025_Fundamental Advisors,66,555 West 189 Street Property LLC,,,,,10/30/2025,10/30/2026,555 189TH,GARDENA,Los Angeles,,CA,,90248,US,33.86469,-118.28333,0,,0,0,365,USD,1,,AIR,100,,AIR,311,,,109771,SQFT,PEF+PES+PSL,,,,,,S,0.05,,0.05,0.05,EQ_CA,PSH+PWH,,,,,,,,,,,WS_ALL OTHER,PFL,,,,,,,,,,,Flood_All,PNC,,,,,,,,,,,FR_All,,,,,,,,,,,,,,,,,,,,,,,,,,,,,,,,,,,,,,,,,,0,,,,,,,,,,,,,,,,,,,,,,,,,,,,,,,,,,,,,,,,,California,All Other,,User Check required,,,,,,,,No,Building Value should be greater than $ 1,,,,,,,,,,,,,,,,,,,,,,,,,,Ecopia,
2025_Fundamental Advisors,67,2647 Stillwell Avenue Property LLC,,,,,10/30/2025,10/30/2026,2647 STILLWELL,BROOKLYN,Kings,,NY,,11223,US,40.58271,-73.98225,0,,0,0,365,USD,1,,AIR,100,,AIR,318,,,82893,SQFT,PEF+PES+PSL,,,,,,,,,,,EQ_ALL OTHER,PSH+PWH,,,,,,,,,,,WS_ALL OTHER,PFL,,,,,,,,,,,Flood_All,PNC,,,,,,,,,,,FR_All,,,,,,,,,,,,,,,,,,,,,,,,,,,,,,,,,,,,,,,,,,0,,,,,,,,,,,,,,,,,,,,,,,,,,,,,,,,,,,,,,,,,All Other,All Other,,User Check required,,,,,,,,No,Building Value should be greater than $ 1,,,,,,,,,,,,,,,,,,,,,,,,,,Ecopia,
2025_Fundamental Advisors,68,2350 East 69th Street,,,,,10/30/2025,10/30/2026,2350 69TH,BROOKLYN,Kings,,NY,,11234,US,40.61464,-73.90492,5760000,,0,155000,365,USD,2,,AIR,151,,AIR,321,1978,2,48000,SQFT,PEF+PES+PSL,,,,,,,,,,,EQ_ALL OTHER,PSH+PWH,,,,,,,,,,,WS_ALL OTHER,PFL,,,,,,,,,,,Flood_All,PNC,,,,,,,,,,,FR_All,,,,,,,,,,,,,,,,,,,,,,,,,,,,,,,,,,,,,,,,,,0,,,,,,,,2000,,,,,,,,,,,,,,,,,,,,,,,,,,,,,,,,,All Other,All Other,,User Check required,,8300,4,15700277.85,327.0891219,9940277.851,172.5742682,Yes,,33335957,ESTIMATE-1470537,,,,,,,,,,,,,,,,,,,,,,,,Ecopia,
2025_Fundamental Advisors,69,2300 East 69th Street,,,,,10/30/2025,10/30/2026,2300 69TH,BROOKLYN,Kings,,NY,,11234,US,40.6152,-73.90546,3199236,,0,1600000,365,USD,1,,AIR,111,,AIR,321,1970,2,11275,SQFT,PEF+PES+PSL,,,,,,,,,,,EQ_ALL OTHER,PSH+PWH,,,,,,,,,,,WS_ALL OTHER,PFL,,,,,,,,,,,Flood_All,PNC,,,,,,,,,,,FR_All,,,,,,,,,,,,,,,,,,,,,,,,,,,,,,,,,,,,,,,,,,0,,,,,,,,,,,,,,,,,,,,,,,,,,,,,,,,,,,,,,,,,All Other,All Other,,User Check required,,8300,2,3491819.807,309.69577,292583.8072,9.145427445,Yes,,33335958,ESTIMATE-1470537,,,,,,,,,,,,,,,,,,,,,,,,Ecopia,
2025_Fundamental Advisors,70,Rain Forest Landings,,,,,10/30/2025,10/30/2026,555 RAIN FOREST,KNOXVILLE,Knox,,TN,,37923,US,35.91101,-84.05963,5363400,,265000,430000,365,USD,1,,AIR,101,,AIR,305,2012,4,44695,SQFT,PEF+PES+PSL,,,,,,,,,,,EQ_ALL OTHER,PSH+PWH,,,,,,,,,,,WS_ALL OTHER,PFL,,,,,,,,,,,Flood_All,PNC,,,,,,,,,,,FR_All,,,,,,,,,,,,,,,,,,,,,,,,,,,,,,,,,,,,,,,,,,1,,,,,,,,2012,,,,,,,,,,,,,,,,,,,,,,,,,,,,,,,,,All Other,All Other,,User Check required,,5200,1,9253835.678,207.0440917,3890435.678,72.53674308,Yes,,33335959,ESTIMATE-1470537,,,,,,,,,,,,,,,,,,,,,,,,Ecopia,
2025_Fundamental Advisors,71,Windsor Ridge,,,,,10/30/2025,10/30/2026,5611 CENTRAL AVENUE,KNOXVILLE,Knox,,TN,,37912,US,36.01464,-83.97641,4443240,,250000,370000,365,USD,1,,AIR,101,,AIR,305,1999,1,37027,SQFT,PEF+PES+PSL,,,,,,,,,,,EQ_ALL OTHER,PSH+PWH,,,,,,,,,,,WS_ALL OTHER,PFL,,,,,,,,,,,Flood_All,PNC,,,,,,,,,,,FR_All,,,,,,,,,,,,,,,,,,,,,,,,,,,,,,,,,,,,,,,,,,1,,,,,,,,2021,,,,,,,,,,,,,,,,,,,,,,,,,,,,,,,,,All Other,All Other,,User Check required,,5200,1,7347929.905,198.4478868,2904689.905,65.37323901,Yes,,33335960,ESTIMATE-1470537,,,,,,,,,,,,,,,,,,,,,,,,Ecopia,
2025_Fundamental Advisors,72,Emory Ridge,,,,,10/30/2025,10/30/2026,7545 THUNDER,POWELL,Knox,,TN,,37849,US,36.05453,-83.99088,1357680,,230000,250000,365,USD,1,,AIR,101,,AIR,305,2013,1,11314,SQFT,PEF+PES+PSL,,,,,,,,,,,EQ_ALL OTHER,PSH+PWH,,,,,,,,,,,WS_ALL OTHER,PFL,,,,,,,,,,,Flood_All,PNC,,,,,,,,,,,FR_All,,,,,,,,,,,,,,,,,,,,,,,,,,,,,,,,,,,,,,,,,,1,,,,,,,,2013,,,,,,,,,,,,,,,,,,,,,,,,,,,,,,,,,All Other,All Other,,User Check required,,5200,1,2403965.869,212.4770964,1046285.869,77.06424699,Yes,,33335961,ESTIMATE-1470537,,,,,,,,,,,,,,,,,,,,,,,,Ecopia,
2025_Fundamental Advisors,73,Franklin,,,,,10/30/2025,10/30/2026,1035 FULTON GREER,FRANKLIN,Williamson,,TN,,37064,US,35.94653,-86.87795,22969590,,1640685,2441836,365,USD,2,,AIR,101,,AIR,306,2014,3,107210,SQFT,PEF+PES+PSL,,,,,,,,,,,EQ_ALL OTHER,PSH+PWH,,,,,,,,,,,WS_ALL OTHER,PFL,,,,,,,,,,,Flood_All,PNC,,,,,,,,,,,FR_All,,,,,,,,,,,,,,,,,,,,,,,,,,,,,,,,,,,,,,,,,,1,,,,,,,,2014,,,,,,,,,,,,,,,,,,,,,,,,,,,,,,,,,All Other,All Other,,User Check required,,1100,1,13321587.53,124.2569492,-9648002.472,-42.0033726,Yes,,33335962,ESTIMATE-1470537,,,,,,,,,,,,,,,,,,,,,,,,Ecopia,
2025_Fundamental Advisors,74,Hendersonville,,,,,10/30/2025,10/30/2026,419 MAIN,HENDERSONVILLE,Sumner,,TN,,37075,US,36.31512,-86.58687,23730000,,1695000,2435769,365,USD,2,,AIR,101,,AIR,306,2011,3,112760,SQFT,PEF+PES+PSL,,,,,,,,,,,EQ_ALL OTHER,PSH+PWH,,,,,,,,,,,WS_ALL OTHER,PFL,,,,,,,,,,,Flood_All,PNC,,,,,,,,,,,FR_All,,,,,,,,,,,,,,,,,,,,,,,,,,,,,,,,,,,,,,,,,,1,,,,,,,,2011,,,,,,,,,,,,,,,,,,,,,,,,,,,,,,,,,All Other,All Other,,User Check required,,1100,1,14606504.57,129.5362236,-9123495.431,-38.44709411,Yes,,33335963,ESTIMATE-1470537,,,,,,,,,,,,,,,,,,,,,,,,Ecopia,
2025_Fundamental Advisors,75,Lyncourt Square,,,,,10/30/2025,10/30/2026,1218 3RD,GAINESVILLE,Alachua,,FL,,32601,US,29.64954,-82.33759,8886633,,100000,900000,365,USD,1,,AIR,111,,AIR,305,2014,5,77542,SQFT,PEF+PES+PSL,,,,,,,,,,,EQ_ALL OTHER,PSH+PWH,,,,,,S,0.05,,0.05,0.05,WS_TIER1,PFL,,,,,,,,,,,Flood_All,PNC,,,,,,,,,,,FR_All,,,,,,,,,,,,,,,,,,,,,,,,,,,,,,,,,,,,,,,,,,1,,,,,,,,2014,,,,,,,,,,,,,,,,,,,,,,,,,,,,,,,,,All Other,Tier 1,,User Check required,,5200,2,15841512.63,204.2958994,6954879.633,78.26225785,Yes,,33335964,ESTIMATE-1470537,,,,,,,,,,,,,,,,,,,,,,,,Ecopia,
2025_Fundamental Advisors,76,The Historic House,,,,,10/30/2025,10/30/2026,325 12TH,GAINESVILLE,Alachua,,FL,,32601,US,29.6486,-82.33688,172471,,0,0,365,USD,1,,AIR,101,,AIR,305,1939,1,1627,SQFT,PEF+PES+PSL,,,,,,,,,,,EQ_ALL OTHER,PSH+PWH,,,,,,S,0.05,,0.05,0.05,WS_TIER1,PFL,,,,,,,,,,,Flood_All,PNC,,,,,,,,,,,FR_All,,,,,,,,,,,,,,,,,,,,,,,,,,,,,,,,,,,,,,,,,,0,,,,,,,,2020,,,,,,,,,,,,,,,,,,,,,,,,,,,,,,,,,All Other,Tier 1,,User Check required,,5200,1,393237.0148,241.6945389,220766.0148,128.0018176,Yes,,33335965,ESTIMATE-1470537,,,,,,,,,,,,,,,,,,,,,,,,Ecopia,
2025_Fundamental Advisors,77,The Row on 5th,,,,,10/30/2025,10/30/2026,1130 5TH,GAINESVILLE,Alachua,,FL,,32601,US,29.64784,-82.33688,2767728,,0,0,365,USD,1,,AIR,111,,AIR,305,2012,3,22685,SQFT,PEF+PES+PSL,,,,,,,,,,,EQ_ALL OTHER,PSH+PWH,,,,,,S,0.05,,0.05,0.05,WS_TIER1,PFL,,,,,,,,,,,Flood_All,PNC,,,,,,,,,,,FR_All,,,,,,,,,,,,,,,,,,,,,,,,,,,,,,,,,,,,,,,,,,1,,,,,,,,2012,,,,,,,,,,,,,,,,,,,,,,,,,,,,,,,,,All Other,Tier 1,,User Check required,,5200,2,4836353.275,213.1960888,2068625.275,74.74091656,Yes,,33335966,ESTIMATE-1470537,,,,,,,,,,,,,,,,,,,,,,,,Ecopia,
2025_Fundamental Advisors,78,Brick House Villas,,,,,10/30/2025,10/30/2026,1022 1ST,GAINESVILLE,Alachua,,FL,,32601,US,29.65137,-82.33585,215514,,0,0,365,USD,1,,AIR,111,,AIR,305,1935,1,1254,SQFT,PEF+PES+PSL,,,,,,,,,,,EQ_ALL OTHER,PSH+PWH,,,,,,S,0.05,,0.05,0.05,WS_TIER1,PFL,,,,,,,,,,,Flood_All,PNC,,,,,,,,,,,FR_All,,,,,,,,,,,,,,,,,,,,,,,,,,,,,,,,,,,,,,,,,,0,,,,,,,,2009,,,,,,,,,,,,,,,,,,,,,,,,,,,,,,,,,All Other,Tier 1,,User Check required,,5200,2,342328.9066,272.9895587,126814.9066,58.84300165,Yes,,33335967,ESTIMATE-1470537,,,,,,,,,,,,,,,,,,,,,,,,Ecopia,
2025_Fundamental Advisors,79,Brick House Villas,,,,,10/30/2025,10/30/2026,1024 1ST,GAINESVILLE,Alachua,,FL,,32601,US,29.65152,-82.33587,342442,,0,0,365,USD,1,,AIR,111,,AIR,305,2009,1,2208,SQFT,PEF+PES+PSL,,,,,,,,,,,EQ_ALL OTHER,PSH+PWH,,,,,,S,0.05,,0.05,0.05,WS_TIER1,PFL,,,,,,,,,,,Flood_All,PNC,,,,,,,,,,,FR_All,,,,,,,,,,,,,,,,,,,,,,,,,,,,,,,,,,,,,,,,,,0,,,,,,,,2009,,,,,,,,,,,,,,,,,,,,,,,,,,,,,,,,,All Other,Tier 1,,User Check required,,5200,2,548616.7374,248.4677253,206174.7374,60.20719929,Yes,,33335968,ESTIMATE-1470537,,,,,,,,,,,,,,,,,,,,,,,,Ecopia,
2025_Fundamental Advisors,80,Brick House Villas,,,,,10/30/2025,10/30/2026,1026 1ST,GAINESVILLE,Alachua,,FL,,32601,US,29.65152,-82.33593,216619,,0,0,365,USD,1,,AIR,111,,AIR,305,2009,1,1264,SQFT,PEF+PES+PSL,,,,,,,,,,,EQ_ALL OTHER,PSH+PWH,,,,,,S,0.05,,0.05,0.05,WS_TIER1,PFL,,,,,,,,,,,Flood_All,PNC,,,,,,,,,,,FR_All,,,,,,,,,,,,,,,,,,,,,,,,,,,,,,,,,,,,,,,,,,0,,,,,,,,2009,,,,,,,,,,,,,,,,,,,,,,,,,,,,,,,,,All Other,Tier 1,,User Check required,,5200,2,344402.0339,272.4699635,127783.0339,58.98976261,Yes,,33335969,ESTIMATE-1470537,,,,,,,,,,,,,,,,,,,,,,,,Ecopia,
2025_Fundamental Advisors,81,Brick House Villas,,,,,10/30/2025,10/30/2026,1028 1ST,GAINESVILLE,Alachua,,FL,,32601,US,29.65139,-82.33602,254062,,0,0,365,USD,1,,AIR,111,,AIR,305,1935,1,1534,SQFT,PEF+PES+PSL,,,,,,,,,,,EQ_ALL OTHER,PSH+PWH,,,,,,S,0.05,,0.05,0.05,WS_TIER1,PFL,,,,,,,,,,,Flood_All,PNC,,,,,,,,,,,FR_All,,,,,,,,,,,,,,,,,,,,,,,,,,,,,,,,,,,,,,,,,,0,,,,,,,,2009,,,,,,,,,,,,,,,,,,,,,,,,,,,,,,,,,All Other,Tier 1,,User Check required,,5200,2,404916.3734,263.96113,150854.3734,59.37699198,Yes,,33335970,ESTIMATE-1470537,,,,,,,,,,,,,,,,,,,,,,,,Ecopia,
2025_Fundamental Advisors,82,Brick House Villas,,,,,10/30/2025,10/30/2026,1030 1ST,GAINESVILLE,Alachua,,FL,,32601,US,29.65152,-82.33603,274229,,0,0,365,USD,1,,AIR,111,,AIR,305,2009,1,1706,SQFT,PEF+PES+PSL,,,,,,,,,,,EQ_ALL OTHER,PSH+PWH,,,,,,S,0.05,,0.05,0.05,WS_TIER1,PFL,,,,,,,,,,,Flood_All,PNC,,,,,,,,,,,FR_All,,,,,,,,,,,,,,,,,,,,,,,,,,,,,,,,,,,,,,,,,,0,,,,,,,,2009,,,,,,,,,,,,,,,,,,,,,,,,,,,,,,,,,All Other,Tier 1,,User Check required,,5200,2,438223.2412,256.8717709,163994.2412,59.8019324,Yes,,33335971,ESTIMATE-1470537,,,,,,,,,,,,,,,,,,,,,,,,Ecopia,
2025_Fundamental Advisors,83,The Legacy House,,,,,10/30/2025,10/30/2026,1004 6TH,GAINESVILLE,Alachua,,FL,,32601,US,29.64687,-82.33526,340343,,0,0,365,USD,1,,AIR,101,,AIR,305,1936,2,2312,SQFT,PEF+PES+PSL,,,,,,,,,,,EQ_ALL OTHER,PSH+PWH,,,,,,S,0.05,,0.05,0.05,WS_TIER1,PFL,,,,,,,,,,,Flood_All,PNC,,,,,,,,,,,FR_All,,,,,,,,,,,,,,,,,,,,,,,,,,,,,,,,,,,,,,,,,,0,,,,,,,,2005,,,,,,,,,,,,,,,,,,,,,,,,,,,,,,,,,All Other,Tier 1,,User Check required,,5200,1,547553.2301,236.8309819,207210.2301,60.88276536,Yes,,33335972,ESTIMATE-1470537,,,,,,,,,,,,,,,,,,,,,,,,Ecopia,
2025_Fundamental Advisors,84,The Row on 7th,,,,,10/30/2025,10/30/2026,1114 7TH,GAINESVILLE,Alachua,,FL,,32601,US,29.64599,-82.33643,4921728,,0,0,365,USD,3,,AIR,101,,AIR,305,2014,3,42873,SQFT,PEF+PES+PSL,,,,,,,,,,,EQ_ALL OTHER,PSH+PWH,,,,,,S,0.05,,0.05,0.05,WS_TIER1,PFL,,,,,,,,,,,Flood_All,PNC,,,,,,,,,,,FR_All,,,,,,,,,,,,,,,,,,,,,,,,,,,,,,,,,,,,,,,,,,1,,,,,,,,2014,,,,,,,,,,,,,,,,,,,,,,,,,,,,,,,,,All Other,Tier 1,,User Check required,,5200,1,8543052.638,199.2641671,3621324.638,73.57831717,Yes,,33335973,ESTIMATE-1470537,,,,,,,,,,,,,,,,,,,,,,,,Ecopia,
2025_Fundamental Advisors,85,The Row House,,,,,10/30/2025,10/30/2026,1006 8TH,GAINESVILLE,Alachua,,FL,,32601,US,29.64505,-82.33522,83294,,0,0,365,USD,1,,AIR,101,,AIR,305,1940,1,642,SQFT,PEF+PES+PSL,,,,,,,,,,,EQ_ALL OTHER,PSH+PWH,,,,,,S,0.05,,0.05,0.05,WS_TIER1,PFL,,,,,,,,,,,Flood_All,PNC,,,,,,,,,,,FR_All,,,,,,,,,,,,,,,,,,,,,,,,,,,,,,,,,,,,,,,,,,0,,,,,,,,2013,,,,,,,,,,,,,,,,,,,,,,,,,,,,,,,,,All Other,Tier 1,,User Check required,,5200,1,183023.1247,285.0827487,99729.12467,119.7314629,Yes,,33335974,ESTIMATE-1470537,,,,,,,,,,,,,,,,,,,,,,,,Ecopia,
2025_Fundamental Advisors,86,The Row House,,,,,10/30/2025,10/30/2026,1008 8TH,GAINESVILLE,Alachua,,FL,,32601,US,29.64508,-82.3354,363661,,0,0,365,USD,1,,AIR,101,,AIR,305,1939,2,2656,SQFT,PEF+PES+PSL,,,,,,,,,,,EQ_ALL OTHER,PSH+PWH,,,,,,S,0.05,,0.05,0.05,WS_TIER1,PFL,,,,,,,,,,,Flood_All,PNC,,,,,,,,,,,FR_All,,,,,,,,,,,,,,,,,,,,,,,,,,,,,,,,,,,,,,,,,,0,,,,,,,,2013,,,,,,,,,,,,,,,,,,,,,,,,,,,,,,,,,All Other,Tier 1,,User Check required,,5200,1,616521.1862,232.1239406,252860.1862,69.53184043,Yes,,33335975,ESTIMATE-1470537,,,,,,,,,,,,,,,,,,,,,,,,Ecopia,
